{"cameraMode":{"drawMode":0,"name":"Shaded","section":"Shading Mode"},"sceneLighting":true,"audioPlay":false,"sceneViewState":{"showFog":true,"showMaterialUpdate":false,"showSkybox":true,"showFlares":true,"showImageEffects":true,"showParticleSystems":true},"in2DMode":false,"pivot":{"x":24.161197662353517,"y":1.2108879089355469,"z":13.014059066772461},"rotation":{"x":-0.2201138287782669,"y":0.7280519008636475,"z":-0.27180662751197817,"w":-0.5895889401435852},"size":8.42431354522705,"orthographic":false}