{"cameraMode":{"drawMode":0,"name":"Shaded","section":"Shading Mode"},"sceneLighting":false,"audioPlay":false,"sceneViewState":{"showFog":true,"showMaterialUpdate":false,"showSkybox":false,"showFlares":true,"showImageEffects":true,"showParticleSystems":true},"in2DMode":false,"pivot":{"x":16.12864112854004,"y":2.0593976974487306,"z":20.947399139404298},"rotation":{"x":-0.2382114827632904,"y":-0.4443178176879883,"z":0.12383195012807846,"w":-0.8546989560127258},"size":0.8918983936309815,"orthographic":false}