{"cameraMode":{"drawMode":0,"name":"Shaded","section":"Shading Mode"},"sceneLighting":false,"audioPlay":false,"sceneViewState":{"showFog":true,"showMaterialUpdate":false,"showSkybox":false,"showFlares":true,"showImageEffects":true,"showParticleSystems":true},"in2DMode":false,"pivot":{"x":1.100419282913208,"y":-1.9606049060821534,"z":-2.21372389793396},"rotation":{"x":-0.06475323438644409,"y":-0.9345572590827942,"z":0.22811751067638398,"w":-0.26529207825660708},"size":2.8483943939208986,"orthographic":false}