{"cameraMode":{"drawMode":0,"name":"Shaded","section":"Shading Mode"},"sceneLighting":true,"audioPlay":false,"sceneViewState":{"showFog":true,"showMaterialUpdate":false,"showSkybox":true,"showFlares":true,"showImageEffects":true,"showParticleSystems":true},"in2DMode":false,"pivot":{"x":2.9725756645202638,"y":1.950371503829956,"z":1.2970218658447266},"rotation":{"x":-0.16376399993896485,"y":-0.18205761909484864,"z":0.03076827898621559,"w":-0.9690735936164856},"size":6.419004917144775,"orthographic":false}