{"cameraMode":{"drawMode":0,"name":"Shaded","section":"Shading Mode"},"sceneLighting":false,"audioPlay":false,"sceneViewState":{"showFog":true,"showMaterialUpdate":false,"showSkybox":false,"showFlares":true,"showImageEffects":true,"showParticleSystems":true},"in2DMode":false,"pivot":{"x":16.360000610351564,"y":2.3499999046325685,"z":20.719999313354493},"rotation":{"x":-0.1923321783542633,"y":0.2420993596315384,"z":-0.04902808368206024,"w":-0.9497338533401489},"size":0.3088505268096924,"orthographic":false}