{"cameraMode":{"drawMode":0,"name":"Shaded","section":"Shading Mode"},"sceneLighting":true,"audioPlay":false,"sceneViewState":{"showFog":true,"showMaterialUpdate":false,"showSkybox":true,"showFlares":true,"showImageEffects":true,"showParticleSystems":true},"in2DMode":false,"pivot":{"x":1.164308786392212,"y":1.4770705699920655,"z":-2.6758852005004885},"rotation":{"x":-0.17832230031490327,"y":0.037182245403528216,"z":-0.0067381528206169609,"w":-0.9832544326782227},"size":2.8784432411193849,"orthographic":false}