{"cameraMode":{"drawMode":0,"name":"Shaded","section":"Shading Mode"},"sceneLighting":true,"audioPlay":false,"sceneViewState":{"showFog":true,"showMaterialUpdate":false,"showSkybox":true,"showFlares":true,"showImageEffects":true,"showParticleSystems":true},"in2DMode":false,"pivot":{"x":15.89869213104248,"y":2.2051315307617189,"z":19.099925994873048},"rotation":{"x":0.23598328232765199,"y":-0.355098158121109,"z":0.09313397109508515,"w":0.8997472524642944},"size":2.3070499897003176,"orthographic":false}