{"cameraMode":{"drawMode":0,"name":"Shaded","section":"Shading Mode"},"sceneLighting":false,"audioPlay":false,"sceneViewState":{"showFog":true,"showMaterialUpdate":false,"showSkybox":false,"showFlares":true,"showImageEffects":true,"showParticleSystems":true},"in2DMode":false,"pivot":{"x":16.360000610351564,"y":2.3499999046325685,"z":20.719999313354493},"rotation":{"x":-0.22432737052440644,"y":0.6405506134033203,"z":-0.20364008843898774,"w":-0.7056226134300232},"size":0.3088505268096924,"orthographic":false}