{"cameraMode":{"drawMode":0,"name":"Shaded","section":"Shading Mode"},"sceneLighting":true,"audioPlay":false,"sceneViewState":{"showFog":true,"showMaterialUpdate":false,"showSkybox":true,"showFlares":true,"showImageEffects":true,"showParticleSystems":true},"in2DMode":false,"pivot":{"x":1.692918300628662,"y":2.2623796463012697,"z":-5.372758388519287},"rotation":{"x":-0.1893366426229477,"y":0.24509558081626893,"z":-0.048869531601667407,"w":-0.9495773315429688},"size":1.9443984031677247,"orthographic":false}