{"cameraMode":{"drawMode":0,"name":"Shaded","section":"Shading Mode"},"sceneLighting":false,"audioPlay":false,"sceneViewState":{"showFog":true,"showMaterialUpdate":false,"showSkybox":false,"showFlares":true,"showImageEffects":true,"showParticleSystems":true},"in2DMode":false,"pivot":{"x":-0.31874847412109377,"y":0.8481757640838623,"z":-0.11915260553359986},"rotation":{"x":-0.19536446034908296,"y":0.04176229238510132,"z":-0.00832681730389595,"w":-0.9798088073730469},"size":1.4371877908706666,"orthographic":false}